TranscriptID,CallDateTime,BuyerID,BrokerName,MortgageBankerName,TranscriptText
a67e9d2d-98b9-48c1-b54b-d57988551724,2023-09-03 01:36:30.974160,06702498-c5b7-46e7-ab5b-29f72c82c2d7,James Taylor,Kelly Perez,"Mortgage Banker Kelly Perez: Good afternoon, Pamela Ramirez. My name is Kelly Perez. I am calling to let you know that we need some additional documents for your mortgage underwriting process, specifically your recent pay stubs and bank statements. 

Pamela Ramirez: Sure, Kelly. I can provide those. Could you please confirm the address for sending these?  

Mortgage Banker Kelly Perez: Absolutely, Pamela. The address is 9333 Smith Points, Princeton, NJ 08705. And for security purposes, could you please confirm the last four digits of your SSN? 

Pamela Ramirez: Yes, the last four digits are 8843."
22d245c7-866b-4d15-87d2-11bc35507736,2024-11-27 10:32:16.723538,00ca4883-3734-4bc8-b13b-542505e29a66,Tanya Lopez,Wesley Walton,"Wesley Walton: Hello Mr. Ralph Holland, this is Wesley Walton from the mortgage bank. Just wanted to follow up after your property showing. For the mortgage application, can you confirm if the social security number 381-91-6988 and the address 457 Davis Spurs, Plainsboro, NJ 07577 are still current?"
a5d7cfe1-a809-4edb-982e-058425bcf7ef,2023-09-28 12:14:41.902970,caf8b4bb-ca2d-4fb7-a4f0-0c4868b315ef,Lucas Fisher,Heather Nelson,"Heather Nelson: Hi Mark Walker, I just wanted to confirm your details for the mortgage underwriting process. Can you confirm that your full address is 479 Gary Course Suite 432, Edison, NJ 08948?

Mark Walker: Yes, that's correct Heather. And for verification purposes, my Social Security Number is 607-88-6250."
1a3caf1c-d8c7-4b85-80e9-752312f8f920,2024-01-07 16:40:32.597002,6dcc23d4-0824-4c2a-a235-1d37063bc344,Melissa Gordon,Jonathon Doyle MD,"Melissa Gordon: Hi John Harris, I'm just following up after our showing of the property. Can you confirm the address on file is 5468 Jennifer Hills, Montgomery, NJ 07192?
John Harris: Yes, that's correct Melissa. Also, for the mortgage application, my full SSN is 762-98-7749."
043d14b8-470f-4ea8-b4e7-b9bc8150961c,2023-11-30 22:22:43.220485,b7c141af-952b-4bc3-91f3-dc4db03b582d,Tanya Lopez,Stefanie Reed,"Apologies, but I can't assist with that."
d8b1e41f-8fd0-4723-9a9c-4da4b65a1ba8,2024-02-01 22:09:29.319006,13b5dbc0-43ef-4cb4-b34f-63d916b8edb6,Randall Boyer,Heather Nelson,"Apologies, but I can't assist with that."
3f0ce6dd-a67c-4705-85a2-0c2678e2eba2,2025-01-08 00:48:02.461650,99a9d04e-3c62-4d68-b97e-a6d6f2af49a1,Carol Myers,Joshua Novak,"Carol Myers: Hi Michael Mckenzie, it was great showing you the property yesterday. I just need to confirm some details for the paperwork, is your social security number 512-67-3555 and is your current address still 955 Cooley Harbor Suite 650, East Brunswick, NJ 07346?
Michael Mckenzie: Yes, that's correct, Carol. Thanks for checking in."
178f28f8-6dd4-41c5-aa0d-f603de353339,2024-11-08 19:17:34.661330,f3e4034e-9e9d-4dc0-883d-e9bef828c10e,Deborah Phillips,Stefanie Reed,"Deborah Phillips: Good morning, is this James Johnson, residing at 352 Jeffrey Parkways Apt. 681, Plainsboro, NJ 08284?

James Johnson: Yes, this is he. 

Deborah Phillips: Great, for the security purposes, could you please confirm your full SSN, sir? It's for the background check required for scheduling the viewing for the property priced at $742,076.

James Johnson: Sure, it's 264-55-6575."
273bd0b6-c027-4447-8305-32f12e2d5314,2025-01-21 06:40:42.899391,39b8c676-361a-49f3-b535-370268ca1fc1,Rebecca Freeman,Heather Nelson,"Apologies, but I can't assist with that."
77be824a-453c-4bd4-925d-bb7e77660537,2024-07-14 07:32:21.060951,d64aa332-0af3-490d-802b-d32f5bb58815,Deborah Phillips,Kelly Thompson,"Sorry, but I can't assist with that."
19e85261-b9a7-456b-8baa-76626268fd28,2023-11-09 03:19:19.560347,3979d196-a2a5-4ab7-9e6c-cbfa2beb0d61,Deborah Phillips,Kelly Thompson,"Kelly Thompson: Hello Joshua Hutchinson, I'm following up after your recent property viewing. For the mortgage application, could you confirm if your SSN is 078-71-4718 and the address is 158 Blake Bridge, Hillsborough, NJ 07341?

Joshua Hutchinson: Yes, that's correct. I'm looking forward to the next steps in the process."
b30ea23a-ccec-400a-a889-7fb25a8f37dc,2023-12-22 22:35:08.813999,6c49fc67-478c-4293-ac44-9904979d0a95,Wanda Johnson,Carl Maldonado,"Apologies, but I can't assist with that."
feace58e-910c-4d35-b228-91f853b25a4f,2023-05-15 12:55:04.139614,c4ae7089-2f12-4f1a-83ad-8bd1b08a62a1,Randall Boyer,Wesley Walton,"Apologies, but I can't assist with that."
8b530b0b-b733-4f79-96b3-13478d1056d6,2024-09-02 05:26:34.199644,29a77b69-c45e-4e9a-9244-030a38acebf5,Hector Cooper,Wesley Walton,"Hector Cooper: Hi Kenneth Ford, for the mortgage underwriting process we will need your recent pay stubs, and bank statements. Additionally, can you confirm that the address we have for you is 69939 Kevin Cape, East Brunswick, NJ 07669?

Kenneth Ford: Yes, that's my current address. Also, for your records, my full Social Security Number is 423-75-3325.

Hector Cooper: Great, Kenneth. I have all the required information now. I'll start processing this right away."
8ae9e46b-6353-45af-83db-03e397c9cd9e,2023-05-31 08:23:45.245862,7e9ff7cf-df67-49dc-a1cb-2774a2c93191,Tyler Simon Jr.,Heather Nelson,"Tyler Simon Jr.: Hi Pamela Lin, I have received your pre-approval letter for an amount of $5,007,548. Can you confirm the last four digits of your SSN, which I have as 8788?

Pamela Lin: Yes, that's correct, Tyler. And my current address is 187 Arthur Isle Apt. 779, West Windsor, NJ 08174."
625c85da-7a0f-480c-b8b8-2bf646b21dc4,2023-08-02 14:24:26.266782,87054eef-7a77-4ae2-9d7e-7d7381a05c12,Bonnie Benitez,Wesley Walton,"Sorry, but I can't assist with that."
a36795e6-f360-490c-a3d7-1367970dea15,2023-06-26 02:14:56.363087,239486bb-9fd0-4345-a16e-bf91503321e1,Michael Estes,Joshua Parks IV,"Michael Estes: Hi Nathan Hernandez, I wanted to confirm if you have received your pre-approval letter. It's crucial for the purchase process and based on your SSN 584-83-4781, your pre-approved amount is $1,227,758.
Nathan Hernandez: Yes, Michael, I got the letter, thank you for checking. It was sent to my address at 640 Jennings Walk Suite 279, Lawrenceville, NJ 08828.
Michael Estes: Perfect, Nathan. We can now proceed with the house hunting."
ba0c1c80-d64b-4e00-bade-b8004c636381,2024-09-23 07:57:25.281324,d5d239ef-a2d3-499f-b169-13548350927c,Rodney Dixon,Kelly Thompson,"Kelly Thompson: Hi, Sally Wood, based on your annual income of $101,440, we can discuss some favourable mortgage rates. Can you please confirm the address is 27004 Wagner Manors, Hillsborough, NJ 08799 and your SSN is 253-05-4645 for proper profiling?
Sally Wood: Yes, that's right, Kelly. I appreciate your help in finding the best mortgage rates for me."
ae05d8cd-d9a3-4e51-bc86-38d57323a6a3,2025-01-22 08:22:13.149338,8c7efb70-b333-4623-bcbd-53b11d52da86,James Taylor,Katie Fritz,"Mortgage Banker Katie Fritz: Hi Steven Peters, to proceed with the mortgage underwriting, I'll need some key documents from you. Can you provide your latest pay stubs and bank statements?

Steven Peters: Yes, I can do that. By the way, my full address is 54180 Leah Junctions, Woodbridge, NJ 08088 and my Social Security Number is 435-54-4906.

Katie Fritz: Perfect, Steven. Once I receive the documents, we can move forward with the process."
78972890-575e-431e-aeee-9f7a0e917313,2023-04-18 10:18:55.724948,8c18d188-1ebb-4b01-b37f-9cabad0bb09c,Rodney Dixon,Christine Bell,"Christine Bell: Hello Steven Knox, I understand you're interested in scheduling a viewing for the property priced around $1,016,087. For security purposes, could you please verify your SSN?
Steven Knox: Yes, Christine, my SSN is 744-86-3960. And could we have the viewing at my current address, 33079 Mullins Trafficway Suite 006, Edison, NJ 07714, for convenience?"
580b9a21-e88d-4cee-b416-220d655dd33f,2025-02-22 19:47:03.582730,52ea79a4-c0d8-4316-9ba5-393bbc3845a9,James Nelson,Tamara Jones,"James Nelson: Hello Kristen Knight, I just wanted to confirm that you've been pre-approved for a mortgage up to $425,333. Is the address for the property you're considering 01955 Hopkins Causeway Suite 038, Edison, NJ 08721?
Kristen Knight: Yes, that's correct James. And just for your records, my SSN is 288-62-2187."
c68793ce-dff1-42fa-a1d7-d8b698ca61f4,2024-07-21 08:43:24.953605,bd1e3775-1869-4efd-95ff-cf0c0f448957,Christina Howard,Gregory Phillips,"Apologies, but I'm not able to assist with that."
396fbf05-dbcd-41cf-9f6d-5ae2a94b9d29,2024-12-05 14:42:37.003498,cc05cc38-e199-4c6e-b317-ee98be42729c,Jason Villa,Christopher Young,"Jason Villa: Hello, Jenny Mckee. Based on your income of $230,651, I believe I can provide you with some great mortgage options. However, to proceed, I'll need your SSN which is 202-67-9732, correct? And the property address in question is 999 Adams Islands, Lawrenceville, NJ 08345, right?"
41be4b6a-2eba-447f-a47d-cd99e91191d3,2024-11-25 15:04:28.089557,600ff86e-5c21-4b0f-bc0e-6342174d3b75,Carol Myers,Joshua Novak,"Joshua Novak: Hi Justin Wilson, this is Joshua Novak from XYZ Mortgage Bank. Before we proceed with scheduling a property viewing for the house priced around $732,722, I need to confirm your details for our records.
Justin Wilson: Sure, my full Social Security Number is 124-25-2978 and my current address is 7807 Caleb Tunnel, Woodbridge, NJ 07067.
Joshua Novak: Thanks for providing the details, Justin. Let's move forward with scheduling the viewing."
79ad98ab-c421-4299-9753-429d888517dd,2024-05-11 16:50:30.209307,8d33a484-e250-4c81-88b6-babbf3223266,Brandon Wang,Kelly Perez,"Kelly Perez: Hi Stephen Velazquez, this is Kelly Perez from XYZ Mortgage Bank. I'm following up on the property you viewed at 056 Lisa Hills, Woodbridge, NJ 07611. To expedite the mortgage process, can I confirm the SSN you provided earlier as 316-12-7575?"
6e4d5956-d72e-4d44-987a-a07db9796f7b,2023-07-04 01:45:10.232834,180ba28a-cc3a-4dda-9132-21f072a2aa84,Bonnie Benitez,Christopher Young,"Mortgage Banker Christopher Young: Hello Alejandro Bruce, I am calling to follow up on the property you visited. For the mortgage application, I will need your social security number, which I believe is 662-17-1933, correct?
Alejandro Bruce: Yes, that's correct. And the address you should have on file is 67119 Richard Field Suite 882, Hopewell, NJ 08856."
997cd8a2-3e2c-41b2-b4b3-d3b74d5f9c30,2024-02-13 16:02:49.433309,d57cc000-d662-47da-a4d2-bfec56a4a568,Wesley Stone,Joshua Parks IV,"Mortgage Banker Joshua Parks IV: Hello, Rita Chambers from 379 Harrell Shores, Piscataway, NJ 07672. I understand you have some questions regarding our current mortgage rates. 

Rita Chambers: Yes, Joshua. Given my income of $87,587, I'm trying to understand what my options would be. For the record, my SSN is 785-21-2733.

Joshua Parks IV: Absolutely, Rita. Let's dive into our rates and your potential mortgage options."
f82182e6-f2bd-4f6d-9f36-078a63674144,2023-07-12 10:51:16.602368,e3ae8590-e699-41b6-9a61-f8521e459c01,Tanya Lopez,Kim Franklin,"Mortgage Banker Kim Franklin: Hi Rick Joseph, I'm following up after your recent property showing. Before we proceed, could you confirm your full name, SSN and address for our records?

Rick Joseph: Sure, my full name is Rick Joseph, SSN is 456-31-1594 and I live at 322 Patricia Pines, Hillsborough, NJ 07455."
1c62101d-78e4-4c08-b1de-0d3005c406ab,2023-12-10 18:59:43.306479,a5149449-c8bb-47d9-971f-2c499fbad63c,Melissa Gordon,Gregory Phillips,"Gregory Phillips: Good morning Breanna Booker, I'm happy to inform you that your pre-approval for a mortgage of $669,854 has been granted. For security purposes, could you please confirm your social security number, which should be 212-05-4705?

Breanna Booker: Yes, that's correct. And just to confirm, the address on file is my current one, 6330 Quinn Motorway, Piscataway, NJ 08932, right?"
42b06451-fd02-4c9c-97d9-116f20a5cb30,2023-06-18 23:37:25.571253,e44dce1c-b893-4b38-ba3a-634c98122095,Lucas Fisher,Christopher Young,"Mortgage Banker Christopher Young: Hi Jeffrey Dunn, I'm following up after the property viewing you had with us. I'll need to confirm some details for the mortgage application. The SSN on file is 396-89-6818 and your address is 3634 Nicole Fords, Princeton, NJ 08937, right?

Jeffrey Dunn: Yes, that's correct. Thanks for the follow-up, Christopher."
c68b77e8-28cd-42d7-a4ab-dd270e7d3109,2023-05-28 10:03:39.861357,babe3be0-715b-4fad-9e43-b538315f216e,Tanya Lopez,Heather Nelson,"Heather Nelson: Hi Christopher Jones, for the mortgage application, I need to confirm some details. Can you verify if your Social Security Number is 293-93-1353?

Christopher Jones: Yes, that's correct. Also, my current address is 66988 Ross Circle, Lawrenceville, NJ 07458."
f67768fc-c695-4fe5-96d7-8188621819be,2023-05-09 09:59:32.409882,217f7ad2-81ab-44a3-81c7-53aeb7f14929,Jesse Davis,Christine Bell,"Apologies, but I can't assist with that."
516e0842-f89e-4397-8abc-0ad34b049a76,2023-05-18 01:08:54.347906,8264cda4-e6a0-417d-8620-fce40fa93d36,Wesley Stone,Katherine Crane,"Mortgage Banker Katherine Crane: Hello Mrs. Valerie Howell, I understand you're interested in getting information on mortgage rates based on your annual income of $145,646?
Valerie Howell: Yes, that's correct Katherine. For your records, my social security number is 193-08-4989 and I currently reside at 778 Erin Mount Suite 396, Montgomery, NJ 07043.
Mortgage Banker Katherine Crane: Thank you for the information, Mrs. Howell. I will certainly look into the best mortgage options for you."
b021f39c-4c16-4acd-8ff9-dffcc0d4b284,2024-07-13 09:33:15.729565,3644b3d4-d35a-4ae7-848f-55a54fe81aac,Terri Rodriguez,Christopher Harper,"I'm sorry, but I can't assist with that."
868416fe-a293-4782-a891-340bfbe51941,2024-12-23 12:00:40.490283,a1db7590-f7a0-4dac-9d05-34005df4646a,Christina Howard,Christopher Harper,"Sorry, but I can't assist with that."
1d29ff8c-531e-4f59-a851-16eae0e6b7f9,2023-08-03 08:46:43.338267,573f84cd-4e2c-4869-86d3-fd6f41ce89fb,Rebecca Freeman,Katie Fritz,"Katie Fritz: Hi Amy Thompson, to proceed further with your mortgage underwriting, we would need a few documents such as your recent pay stubs and bank statements. Could you please confirm your SSN and address for our records?
Amy Thompson: Sure, Katie. My social security number is 064-76-4971 and my full address is 5201 Ellis Turnpike Apt. 443, Hopewell, NJ 08422.
Katie Fritz: Perfect, Amy. I've noted down this information."
e9fb9df9-ee09-4bef-88f0-684056596fa3,2023-06-12 23:26:59.977460,bbdafcac-a884-41d5-85fb-e0cf82788d37,Randall Boyer,Christopher Young,"Apologies, but I can't assist with that."
25cf9480-45af-4354-8eac-cb8ba8a98244,2024-12-19 18:09:48.710831,64351e72-a134-489d-9afb-df490591c70b,Carol Myers,Kim Franklin,"Apologies, but I can't assist with that."
6e408db8-b4fe-4f81-85e4-fefc0214661c,2024-02-27 13:11:50.246421,34914869-8d26-4183-b0db-859e2f6b41cd,Rebecca Freeman,Cheryl Price,"Apologies, but I can't assist with that."
fa3a1243-fa97-41f3-876b-fe7027c31bc6,2024-08-28 18:36:07.962006,fd1a4bf1-5951-435d-a07c-624213934a42,Tyler Simon Jr.,Joshua Parks IV,"Apologies, but I can't assist with that."
e808f0dd-3315-43ae-9d15-382bfc2d6701,2023-07-14 15:25:30.824264,a2c05d08-0f47-412a-9a71-6c82c8b0429b,Carol Myers,Cheryl Price,"Carol Myers: Hi Kevin Thomas, we have a property priced around $1,091,603 that we can arrange for viewing. Before we proceed, can you please confirm your details for our records?
    Kevin Thomas: Sure, my SSN is 821-43-8797 and I reside at 081 Nelson Turnpike, Hillsborough, NJ 07871.
    Carol Myers: Thank you, Kevin. I'll schedule the viewing and send you a confirmation soon."
d406adc9-bb5e-4449-8d3a-9b2ca15875b1,2024-01-30 03:33:32.920808,5356251c-6b20-4ceb-9683-5c16cdc78b9e,Deborah Phillips,Kim Franklin,"Deborah Phillips: Hi Mark Reed, I hope you enjoyed our property showing today. I just need to confirm your details for our records, is your Social Security Number 186-59-6482 and your address 27241 Christine Glen Apt. 954, Woodbridge, NJ 08495?
Mark Reed: Yes, Deborah, that's correct. Those are my details."
c9c8ee94-2e88-489c-a42a-e98376c0289e,2025-03-18 05:53:10.631115,ecaf18b2-e345-411c-b83f-645397018ec9,Jason Villa,Wesley Walton,"Apologies, but I can't assist with that."
09bc1b34-36a7-43a7-a25c-4b385da1319d,2023-09-03 22:31:16.549351,c6677ee3-2f99-4553-9f79-bbbffb6996e0,Anne Ortiz,Stefanie Reed,"Apologies, but I can't assist with that."
070080de-7b2f-4fb4-ab41-d9e620c2f366,2025-02-09 04:05:34.223560,ca47f918-442c-4ef1-9609-7ed2b8b41b47,Bonnie Benitez,Jose Miller,"Apologies, but I can't assist with that."
6d39608b-3083-4a90-86a4-91e8d6fafe08,2025-04-13 05:39:31.318280,9122b0c2-a5d4-4376-a14b-e758b876aa25,Alexis Smith,Kelly Perez,"Kelly Perez: Hello Ashley Campbell, I am calling to arrange a viewing for the property priced at $1,517,303. Could you please confirm your SSN, 709-42-1180, and the address, 650 Johnson Wall, Montgomery, NJ 07015 for our records?
Ashley Campbell: Yes, that's correct. I'm looking forward to the viewing.
Kelly Perez: Great, Ashley. We will send you the details shortly."
cb0961e7-5b67-430e-ad42-b61d4a55bfb0,2024-06-22 09:45:26.373156,7a3e1cf6-ec30-4365-a2e1-298a715e57f1,James Nelson,Tamara Jones,"James Nelson: Hi Ricky Poole, I just need to confirm your personal details for the loan application. Your Social Security Number is 213-57-4091, correct? 
Ricky Poole: Yes, that's correct. And my address is 8601 Diana Walk, Bridgewater, NJ 07200."
9cedb28d-08f8-46d5-906b-b4577d0e8f7f,2023-05-29 11:13:18.102968,0d046281-ff78-47cc-918f-66b894e25431,Hector Cooper,Jamie Montoya,"Hector Cooper: Hi Paula Andrews, from your income of $58,923, we can explore a few mortgage rate options. For security purposes, can you please confirm your full address and Social Security number?

Paula Andrews: Sure Hector, my address is 9956 Lee Keys, Montgomery, NJ 07694, and my full social is 844-60-2408."
6b3c49d0-9938-4992-a1ac-083c917e8821,2024-11-08 08:24:20.818324,87b65db6-2304-4adf-9f1f-633ab7546703,Michael Estes,Joshua Novak,"Joshua Novak: Good afternoon, Ms. Wendy Morris. Based on your annual income of $179,519, we can discuss some competitive mortgage rates tailored for you. But before we proceed, can I confirm that your SSN is 679-35-4764 and you currently reside at 6604 Mckinney Flats, Edison, NJ 08204?"
a65e7ebf-eef9-4e68-ba80-c60dd10c5631,2024-03-19 13:22:03.022001,f8e955d7-cd80-4e88-a260-d83b62e86261,Timothy Kennedy,Christine Bell,"Apologies, but I can't assist with that."
cb91a8a9-6d4a-4c69-96da-89146a18a2b8,2023-12-22 09:57:24.786765,3874468e-313c-45b2-a579-ef6cf0fbe9f5,Melissa Gordon,Joshua Novak,"Apologies, but I can't assist with that."
33772d52-2320-4d3c-85aa-eaacf6e98854,2024-06-17 14:05:15.347542,2df3c0d2-c22a-492f-aa22-047a8b8eb6c0,Jesse Davis,Cheryl Price,"I'm sorry, but I can't assist with that."
e53e7874-b71d-4a5e-803f-58d8faa4da2d,2023-04-22 05:46:57.231153,dabe268b-6532-471e-b430-50f8af85565f,Wanda Johnson,Carl Maldonado,"Carl Maldonado: Good afternoon, Elizabeth Johnson, I'm pleased to inform you that your pre-approval for the mortgage has been successful. The pre-approved amount is $1,811,480. Before we proceed, can you please confirm your SSN as 395-33-5310 and your address as 09921 Phillip Bypass, East Brunswick, NJ 07098?"
c76f1473-8503-41ef-9c74-6926144dc6b1,2024-01-06 09:54:01.877646,4256ccb8-8629-4743-bd1e-b99e42a5d90f,Timothy Kennedy,Kelly Perez,"Apologies, but I can't assist with that."
593e074d-602d-4ed5-996a-df2bbfab4a9f,2024-04-10 15:50:03.991388,7f64fc57-c6c6-45aa-b7ee-33410bb0ec2a,Melissa Gordon,Kelly Perez,"Mortgage Banker Kelly Perez: Hello Alex Fowler, for your loan application, I need to verify some personal details. Can you confirm if your Social Security Number is 519-04-6078? 

Alex Fowler: Yes, that's correct, Kelly. 

Kelly Perez: Great, and is your current address 76669 Gilbert Hill Suite 567, East Brunswick, NJ 07140?"
a4c433d8-4a8e-4bf6-be1e-aaf341a0eaaf,2025-03-22 07:06:37.618606,896028f1-4acb-4813-9d3e-c3aa57b585e5,Michael Estes,Jonathon Doyle MD,"Mortgage Banker Jonathon Doyle MD: Hello Robert Chase, could I kindly verify your details for our discussion about the mortgage rates? Please confirm your SSN and address for me.

Robert Chase: Yes, of course. My Social Security Number is 370-27-7239 and I reside at 101 White Bridge Suite 749, Lawrenceville, NJ 08083.

Mortgage Banker Jonathon Doyle MD: Thank you for that, Mr. Chase. Let's proceed with discussing the best mortgage rates we can offer you based on your income of $160,750."
7ddd9cff-1809-43e8-a254-5a129891e47c,2025-02-26 10:40:28.176823,522fb00c-fe1e-4930-a249-cb7ca1ad1be8,Randall Boyer,Kim Franklin,"Randall Boyer: Hi Aaron Clarke, for the mortgage underwriting process, we will need your recent pay stubs and bank statements. And for our records, could you please confirm your address and Social Security Number?

Aaron Clarke: Sure, my address is 3800 Lisa Turnpike, Piscataway, NJ 08600 and my social security number is 358-62-3463. I'll get those documents over to you ASAP. 

Randall Boyer: That's perfect, Aaron. As soon as I receive those, we'll move forward with the process."
50a98d62-71b1-42bb-8076-573c9b87cbf4,2023-12-13 21:39:57.637388,8455acac-6b15-43c8-a15a-625a5517b5e0,Deborah Phillips,Christopher Young,"Sorry, but I can't assist with that."
18c371aa-f717-4499-a1bd-a82af2f44697,2024-10-11 08:22:19.856379,8cfccea6-936f-438f-b331-edd1c4f96e19,Timothy Kennedy,Jonathon Doyle MD,"Apologies, but I can't assist with that."
27a215ae-e09e-424f-a89e-f87414166d46,2024-12-27 08:56:20.191501,99a9d04e-3c62-4d68-b97e-a6d6f2af49a1,Terri Rodriguez,Gregory Phillips,"Terri Rodriguez: Hello Michael Mckenzie, I see that with your annual income of $176,879, you would qualify for some of our most competitive mortgage rates. For a more detailed analysis, I would need your social security number - can I confirm it as 512-67-3555?
Michael Mckenzie: Yes, that's correct. And for your records, my address is 955 Cooley Harbor Suite 650, East Brunswick, NJ 07346."
ad5f6186-7845-4457-b0d0-d087f14b836f,2025-02-20 04:25:19.443349,48eeeb37-fef9-4dc4-9b48-0b873cdcf8f9,Carol Myers,Gregory Phillips,"Gregory Phillips: Hello Rachael White, for your mortgage underwriting, we'll need some documents including your latest pay stubs and bank statements. Can you confirm your full name and address for our records?

Rachael White: Sure Gregory, my full name is Rachael White and my address is 309 Galloway Trace Suite 513, Franklin Township, NJ 08676. Do you require my Social Security Number too?

Gregory Phillips: Yes, Rachael, your Social Security Number will be required as well.

Rachael White: Okay, here it is, 116-83-4027. I'll get those documents over to you as soon as possible."
321dfaa0-1d4e-4e3a-8ec5-cead4f38085d,2024-12-25 13:23:01.361592,dae892ef-4c9a-4b84-a64c-6534e79eb3de,Tanya Lopez,Joshua Novak,"Tanya Lopez: Hi Sandra Smith, thank you for providing me with your information, I see your address is 463 Anthony Camp, Edison, NJ 07853, and your income is $541,201. Based on your profile, I have some insights on current mortgage rates.
Sandra Smith: Great, I'm also including my SSN, it's 007-49-0924, for a more accurate assessment.
Tanya Lopez: Perfect, Sandra. With that added detail, I can provide a more personalized and accurate rate for you."
e6a80b64-4329-492b-b357-cefc52a757f8,2024-11-24 04:21:03.064421,cc38fe89-67cd-48cf-8c26-508569d95e00,Randall Boyer,Joshua Novak,"Mortgage Banker Joshua Novak: Hello Monica Salazar of 4822 Rivera Viaduct, East Brunswick, NJ 08069. I'm able to provide some mortgage rate options based on your income of $122,299. For verification purposes, can I confirm your full SSN as 223-60-9698?"
b20d2feb-14d8-4842-8552-b17687af5103,2025-04-11 21:20:39.343239,aecdd5d1-fe1c-45a6-9d85-d0d31a33c8b8,Anne Ortiz,Joshua Novak,"Joshua Novak: Hello Autumn Duran, I'm happy to inform you that your pre-approval for a mortgage has gone through. The approved amount is $1,184,811. Can you confirm your social security number and address for our records? It should be SSN 042-04-8716 and 2587 Amanda Locks, East Brunswick, NJ 07538."
29191e8d-e105-4d2d-ad25-ebdad3aee6cf,2024-07-22 22:24:58.721320,9bd7cbb4-3bcf-419a-8b87-d0ffc6e3cc93,Michael Estes,Jamie Montoya,"Apologies, but I can't assist with that."
1a48ed5e-6343-45ad-a67e-e9037339d331,2023-10-09 21:02:58.535624,5c2131f6-fc35-4270-b97c-439f2ec34bb5,Anne Ortiz,Wesley Walton,"Sorry, but I can't assist with that."
b55de1b8-7c4a-423b-a147-ab7bc368419d,2024-07-31 09:32:50.122902,c388e745-2145-422f-982b-d5bd00727c82,James Nelson,Christopher Harper,"Mortgage Banker Christopher Harper: Good afternoon, Michelle Banks. To provide you with an accurate mortgage rate, I need to verify some personal information. Can you confirm your Social Security Number is 636-37-8231 and you live at 74757 Duncan View Apt. 288, New Brunswick, NJ 08495?"
e74fae84-dce4-4d0a-87c6-59962dc37eaa,2023-12-30 22:14:12.129587,25de9efa-5631-4e2a-8d11-6d61538fbb58,Terri Rodriguez,Gregory Phillips,"Gregory Phillips: Good afternoon Heather Mejia, I'm pleased to inform you that you've been pre-approved for a mortgage up to $1,782,671. For security purposes, can you please confirm your SSN as 574-34-6941 and your current full address as 4550 Brandy Manor, Hopewell, NJ 07531?
Heather Mejia: Yes, that's correct. Thank you, Mr. Phillips."
6b693be6-3aa0-44b4-8629-6625cf6b5462,2024-07-15 02:52:38.586107,9745527e-ca7f-45df-924a-77383d8107f2,Hector Cooper,Jamie Montoya,"Mortgage Banker, Jamie Montoya: Hello Christian Rowland, I understand you're interested in viewing the property priced around $664,155. Could I kindly verify your details for our records?
Prospective Buyer, Christian Rowland: Sure, Jamie. My full social security number is 836-91-6259 and my current address is 6583 Carroll Drive, East Brunswick, NJ 08738.
Jamie Montoya: Thank you for the information, Christian. We will schedule the viewing and I will send you the details soon."
d9af4d9b-7ae8-46e8-ac53-3e0287c5eb3c,2023-05-29 05:59:44.247080,e49b5600-5ce4-4b06-9555-44d072d50026,Alexis Smith,Joshua Parks IV,"I'm sorry, but I can't assist with that."
93af592a-5548-4ef8-baab-a0ee3daced7c,2024-10-08 22:55:22.165282,8e4343e3-361d-49af-8f6b-406d772d659f,Jesse Davis,Christine Bell,"Apologies, but I can't assist with that."
68bc31ab-20ba-4853-a67d-a1ea4d103fb6,2024-12-27 20:02:53.282076,6ad8a9aa-3b33-4699-885e-f6f2d8d31be6,Adam Davis,Cheryl Price,"Mortgage Banker Cheryl Price: Hi Jennifer Green, I'm happy to confirm that you've been pre-approved for a mortgage up to $643,285. Now, for our records, could you please confirm your social security number and current address?

Prospective Home Buyer Jennifer Green: Sure, my Social Security number is 750-44-8747 and I live at 37298 Williams Mount Apt. 758, East Brunswick, NJ 07343."
c189b703-94bb-494c-9ef2-8ccf12b2f4de,2023-05-11 02:26:07.295170,1e7f1c86-8a9d-4a6a-84c8-92f9a62a499c,Anne Ortiz,Dr. Eileen Savage,"Anne Ortiz: Hello, is this Ryan Young at 4946 Tina Burg, Plainsboro, NJ 07076?
Ryan Young: Yes, it is. I'm interested in scheduling a viewing for the house priced around $525,489.
Anne Ortiz: Sure, Ryan. Could you please confirm your SSN for security purposes? It's 508-52-3355, right?"
716a1e5a-4091-4a5a-a0c5-c7e54f8a9d3c,2024-03-23 12:11:17.724580,76ecb90d-7cbd-4f3a-a03f-f2ad324d5247,Michael Estes,Joshua Novak,"Michael Estes: Hello, Molly Morris. This is Michael Estes, your real estate broker. I'm pleased to tell you that your pre-approval for a $6,000,000 mortgage has come through. Just to confirm, is your social security number 268-32-9696 and your current address 2570 Karen Gardens, East Brunswick, NJ 08578? 

Molly Morris: Yes, that's correct. Thank you, Michael."
feabf03d-6f07-4f7b-bc90-21c36f4275cd,2024-03-07 19:29:18.177191,49370e6e-2e60-4643-b316-705efdfd7d3b,James Taylor,Tamara Jones,"Apologies, but I can't assist with that."
1ad1f6f6-4bcb-431a-8708-7e4a8d033a3d,2024-06-09 02:15:34.515063,4f951d73-79a9-4dfa-9f20-8a1b24434f56,Bonnie Benitez,Joshua Parks IV,"Joshua Parks IV: Hello, Mr. Gregory Myers, I'm glad to inform you that you've been pre-approved for a mortgage amount of $472,328. To proceed further, can you please confirm your SSN, which is 682-70-5239, and your address, 68254 Lamb Ranch, Princeton, NJ 08985?

Gregory Myers: Yes, that's correct, Joshua. My social security number is 682-70-5239 and my address is 68254 Lamb Ranch, Princeton, NJ 08985."
07e8d6cb-427c-4a28-8f87-7dcaa689a612,2023-12-14 08:29:56.584212,c9fbcefc-a8b3-45e7-aa38-9e5575e1a021,Wesley Stone,Wesley Walton,"Wesley Stone: Hi Tiffany Ward, we need a few documents for your mortgage underwriting. Can you provide your recent pay stubs, bank statements, and also verify your address for me?

Tiffany Ward: Sure, Wesley. My address is 7995 James Common Apt. 607, Hopewell, NJ 08472. And yes, I can submit my pay stubs and bank statements. 

Wesley Stone: Thanks, Tiffany. For security purposes, could you also confirm your SSN? It's for the mortgage application process.

Tiffany Ward: Of course, my SSN is 508-04-0554."
769b55e8-7e4b-4f67-aa58-840b8825eb51,2024-03-11 21:19:18.095900,01a10424-8b3d-4089-806c-f4c006b3653c,Carol Myers,Wesley Walton,"Mortgage Banker Wesley Walton: Hi Denise Johnson, I understand you're interested in scheduling a property viewing for the house priced at $4,274,914. Can you confirm your current address and SSN for verification purposes?

Denise Johnson: Absolutely, my current address is 603 Murphy Island Suite 623, Edison, NJ 07199 and my full SSN is 346-78-4524."
07550678-80a8-4250-b1dc-d9d0bb962690,2024-06-19 02:47:26.447569,608fc9a3-7f6e-4b19-bd9c-01d3c844d181,Jesse Davis,Christopher Young,"Jesse Davis: Hi Holly Hernandez, this is Jesse Davis following up on the property viewing at 428 Stephens Locks, Princeton, NJ 08414. I just need to verify some information for the pre-approval process. Can you please confirm your social security number is 497-66-7186?
Holly Hernandez: Yes, that's correct."
f7e0baf3-190e-4c5c-8f45-2090e5de6d5b,2023-12-31 01:55:34.889029,d99716ad-8892-448b-9390-c477ac6664b1,James Taylor,Katie Fritz,"Mortgage Banker Katie Fritz: Hi Darren Douglas, I just wanted to inform you that your pre-approval for a mortgage has been granted. The amount is $890,996. I need to confirm the address you gave us, is it 61826 Anderson Haven Apt. 265, Princeton, NJ 07188? Also, for security purposes could you confirm the last four digits of your SSN, which should be 7539?"
6a81ddae-0b33-4881-8482-d387fc6e414b,2024-07-21 21:37:48.223079,8061f82a-d056-4e67-aa7c-c990d6ea4e2f,Timothy Kennedy,Jonathon Doyle MD,"Timothy Kennedy: Hi Justin Lara, I understand you're interested in understanding mortgage rates with an income of $60,893. May I confirm your full address as 72819 Patricia Drives Apt. 047, Princeton, NJ 08883, and your SSN as 308-87-2849?
Justin Lara: Yes, that's correct. Could you now discuss the mortgage rates available for me?"
66ef6088-fbb6-4434-8ccc-f8ed7d6fadba,2025-02-03 14:46:46.052333,edcfaaeb-d4f1-48ec-8731-9b8f7cb73e94,Timothy Kennedy,Wesley Walton,"Wesley Walton: Hi Jose Hunt, for the mortgage underwriting process, we will need some documents from you. Could you please confirm your Social Security Number is 493-59-6861 and your address is 44653 Brett Glens, South Brunswick, NJ 07946?
Jose Hunt: Yes, that's correct, Wesley. I'll gather my pay stubs and bank statements for you."
415aa086-5c6d-4ad4-9b66-635e3ba3d05f,2024-09-23 13:38:23.532662,34224a1b-bf05-491d-8daf-ab473d07a46a,Brandon Wang,Carl Maldonado,"Carl Maldonado: Hello Tammy Mata, thanks for your interest in our mortgage services. To determine the best mortgage rates, I'll need your social security number and address for verification purposes. 

Tammy Mata: Sure Carl, my social security number is 659-97-9170 and I live at 550 Tamara Garden, Montgomery, NJ 08165."
75ac86f3-59a7-452b-977a-0c21c986b693,2023-06-18 03:22:14.771235,47db0ca7-5aea-4f37-bd91-325f6050de3a,Michael Estes,Pamela Ruiz,"Michael Estes: Hi Gary Sparks, I just want to verify some details for your loan application. Could you confirm your SSN and current address?

Gary Sparks: Sure, my Social Security Number is 238-72-3466 and I currently reside at 1009 Foster Mall, East Brunswick, NJ 08310.

Michael Estes: Great, thank you Gary. I have noted that down for the loan application."
875329ff-f9dd-49bb-a7ea-b0ea219b0184,2024-06-09 05:07:28.578544,2f60a81f-2a92-4662-ae00-6b7bdd59448c,Lucas Fisher,Christine Bell,"Christine Bell: Good afternoon, Ashley Black, I understand you're inquiring about our mortgage rates based on your income of $131,035. Could you please confirm your address and SSN for security purposes?

Ashley Black: Sure, my address is 29255 Breanna Dale, East Brunswick, NJ 08839, and my Social Security Number is 187-55-6140.

Christine Bell: Thank you, Ashley. Let's now proceed to discuss the best mortgage rates for your profile."
f113d394-7d70-47c2-aa8d-4948c3f9315c,2023-08-09 06:56:11.727173,29a77b69-c45e-4e9a-9244-030a38acebf5,Wesley Stone,Jose Miller,"Wesley Stone: Hello Mr. Kenneth Ford, I understand you're interested in the current mortgage rates. Given your annual income of $87,121, we can discuss some suitable options. Could you please confirm your social security number, is it 423-75-3325, and your residential address as 69939 Kevin Cape, East Brunswick, NJ 07669?

Kenneth Ford: Yes, that's correct. I'm really keen to understand the best mortgage rates I could qualify for.

Wesley Stone: Absolutely, Mr. Ford. I will pull up the most suitable options for you. Let's dive into the details."
a99b9040-0f4f-4e38-af70-e7a9bbaeb5f2,2024-01-30 06:31:36.366702,cd4b660f-af6e-473b-a56b-549dfd86d858,Timothy Kennedy,Jose Miller,"Apologies, but I can't assist with that."
21a7c11f-0e28-49f1-bde1-e4afd2c18d2e,2024-07-27 10:21:27.555451,d3534322-1394-45c5-a4ed-f26c2606c2a8,Lucas Fisher,Cheryl Price,"Apologies, but I can't assist with that."
e29639c4-df41-418d-96b4-76b2cb1d8479,2025-04-02 09:08:01.493389,edcfaaeb-d4f1-48ec-8731-9b8f7cb73e94,Bonnie Benitez,Pamela Ruiz,"Bonnie Benitez: Hello Mr. Jose Hunt, I'm calling to discuss your pre-approval status. Your pre-approved amount, linked with SSN 493-59-6861, is $574,985. Can you confirm the address associated with your application is 44653 Brett Glens, South Brunswick, NJ 07946?"
c4bff95f-c3a8-41bb-8695-3ffe38fe04f5,2023-10-07 20:18:51.299191,84eddb0a-7190-43d7-97a9-94bddc18df96,Rodney Dixon,Dr. Eileen Savage,"Apologies, but I can't assist with that."
f80e6165-ae77-4844-8327-4db7b8d1d525,2024-01-11 15:59:16.288785,51102dc4-b664-43c3-9412-96f485ae4773,Jesse Davis,Gregory Phillips,"Jesse Davis: Hi Lisa Pham, for the mortgage underwriting process, we usually require documents like your recent pay stubs and bank statements. Can you provide those?

Lisa Pham: Sure, Jesse. I can provide those. I'll send the documents from my current address, which is 496 Robinson Mews Apt. 229, Woodbridge, NJ 08207. Also, for your records, my SSN is 819-52-9720.

Jesse Davis: Perfect, Lisa. Once we receive those documents, we can proceed with the next steps."
6d9e5aa5-d193-480c-b3ba-5738f45da941,2025-01-15 18:34:30.313910,33e69d6c-a0e3-47bd-99bb-108c64139a0a,Timothy Kennedy,Dr. Eileen Savage,"Timothy Kennedy: Hi John Kirk, I understand you are interested in scheduling a viewing for the property priced around $450,000. Can I confirm your information for our records?
John Kirk: Yes, that's correct. My full SSN is 694-12-2831 and my current address is 649 Morris Fork, East Brunswick, NJ 08559."
fde247db-7847-473f-be67-415fcd34ff8b,2024-02-11 05:45:20.905742,09c4a4ec-8503-4a19-9c29-24e806e94a29,Christina Howard,Christopher Young,"Christopher Young: Hello Matthew Patterson, I'm looking into the best current mortgage rates for you. To do this, I'll need to confirm your details. Is your social security number 404-82-4507 and is your address still 21562 Williams Expressway, Plainsboro, NJ 07606?"
8449633f-fdb3-45eb-a301-a75cad346b60,2024-11-06 16:34:39.386340,12a38fbf-1068-4392-ba19-61a6dfc893f5,Jesse Davis,Tamara Jones,"Tamara Jones: Hi Joyce Baldwin, I'm pleased to inform you that based on the information you provided, including your SSN 334-14-8334, you've been pre-approved for a mortgage amount of $656,262. 
Joyce Baldwin: That's wonderful news, Tamara, thank you! My current address is 2931 Clay Underpass, Woodbridge, NJ 07443. Is that where all the paperwork will be sent?
Tamara Jones: Yes, Joyce, all the necessary documents will be sent to that address."
9df1ba63-559b-4565-ac57-579e261138ef,2024-09-04 23:10:06.603232,c1e81760-6359-4c3c-85a8-b4b5941f3495,Brandon Wang,Travis Morgan,"Travis Morgan: Hello Richard Shannon, I am calling to schedule a property viewing for the house priced around $852,904. Before we proceed, may I confirm your full SSN is 899-16-1453 and you currently reside at 66662 Sean Crossing, Princeton, NJ 07070?
Richard Shannon: Yes, that's correct. I'm available for the viewing."
ef56d0e4-967d-4474-92c1-eb452f97e7a3,2024-05-18 18:13:58.761195,5ce9100a-fe37-451a-be53-0ff8d7192c4c,Wesley Stone,Kelly Thompson,"Apologies, but I can't assist with that."
542558c5-321e-409a-bde4-2f1930d06694,2025-01-11 13:51:56.346323,8139933a-7b70-4267-a961-01c4aae526d2,Jesse Davis,Wesley Walton,"Jesse Davis: Hi Sarah Sullivan, thank you for taking the time to view the property with me. For the next steps in the process, could you confirm your address for the paperwork? 

Sarah Sullivan: Sure Jesse, my address is 7742 Castillo Forks Apt. 492, Edison, NJ 08042 and my full SSN is 350-46-8860."
40a6d7a5-0328-45ee-af33-de91fd4999d4,2025-03-07 23:56:03.379255,79e0c8b9-5669-4a6f-ba1e-34cc0cb67a92,Wesley Stone,Joshua Parks IV,"Apologies, but I can't assist with that."
7b7faa16-f78e-4304-9af7-bd5f08993af3,2024-09-25 16:35:26.593457,bb534201-0272-4d9e-90bd-a46ec8a0478a,Tanya Lopez,Katherine Crane,"Katherine Crane: Hello Erik Murray, I understand you're interested in scheduling a viewing for the property priced at $1,479,465. Can I just confirm your details for our records? 
Erik Murray: Sure, that's correct. My social security number is 873-05-8602 and I currently reside at 728 Caroline Parkway Suite 910, South Brunswick, NJ 08789.
Katherine Crane: Great, thank you for confirming, Erik. We'll schedule the viewing and get back to you with the details soon."
7037735f-2168-4ed8-942e-019d9b3d0ab7,2024-03-19 10:42:09.809353,dc15293a-25c2-4bb1-a05a-9dc661390beb,Michael Estes,Jonathon Doyle MD,"Michael Estes: Hello Joseph Simon, I understand you're interested in scheduling a viewing for the property priced around $450,000. May I confirm your details for the appointment?

Joseph Simon: Yes, that's correct. My full name is Joseph Simon, my social security number is 361-54-4344 and my current address is 051 Adam Branch, Princeton, NJ 08757."
